-- phpMyAdmin SQL Dump
-- version 4.5.2
-- http://www.phpmyadmin.net
--
-- Host: localhost
-- Generation Time: Oct 03, 2018 at 08:47 AM
-- Server version: 10.1.13-MariaDB
-- PHP Version: 5.6.20

SET SQL_MODE = "NO_AUTO_VALUE_ON_ZERO";
SET time_zone = "+00:00";


/*!40101 SET @OLD_CHARACTER_SET_CLIENT=@@CHARACTER_SET_CLIENT */;
/*!40101 SET @OLD_CHARACTER_SET_RESULTS=@@CHARACTER_SET_RESULTS */;
/*!40101 SET @OLD_COLLATION_CONNECTION=@@COLLATION_CONNECTION */;
/*!40101 SET NAMES utf8mb4 */;

--
-- Database: `laravel_V5.4_Api`
--

-- --------------------------------------------------------

--
-- Table structure for table `migrations`
--

CREATE TABLE `migrations` (
  `id` int(10) UNSIGNED NOT NULL,
  `migration` varchar(255) COLLATE utf8mb4_unicode_ci NOT NULL,
  `batch` int(11) NOT NULL
) ENGINE=InnoDB DEFAULT CHARSET=utf8mb4 COLLATE=utf8mb4_unicode_ci;

--
-- Dumping data for table `migrations`
--

INSERT INTO `migrations` (`id`, `migration`, `batch`) VALUES
(1, '2018_10_03_031922_create_products_table', 1),
(2, '2018_10_03_032256_create_reviews_table', 1);

-- --------------------------------------------------------

--
-- Table structure for table `products`
--

CREATE TABLE `products` (
  `id` int(10) UNSIGNED NOT NULL,
  `name` varchar(255) COLLATE utf8mb4_unicode_ci NOT NULL,
  `detail` text COLLATE utf8mb4_unicode_ci NOT NULL,
  `price` int(11) NOT NULL,
  `stock` int(11) NOT NULL,
  `discount` int(11) NOT NULL,
  `created_at` timestamp NULL DEFAULT NULL,
  `updated_at` timestamp NULL DEFAULT NULL
) ENGINE=InnoDB DEFAULT CHARSET=utf8mb4 COLLATE=utf8mb4_unicode_ci;

--
-- Dumping data for table `products`
--

INSERT INTO `products` (`id`, `name`, `detail`, `price`, `stock`, `discount`, `created_at`, `updated_at`) VALUES
(1, 'quod', 'Cupiditate nihil dicta autem rerum perferendis odio. Quae qui at veritatis sed quis. Eligendi rem modi repudiandae qui ea aliquid. Quia ullam autem laboriosam commodi unde libero et.', 390, 9, 16, '2018-10-03 01:15:32', '2018-10-03 01:15:32'),
(2, 'non', 'Ipsa exercitationem perspiciatis enim perspiciatis praesentium quasi maiores. Expedita pariatur quis quasi dolores eos et. Sint odio asperiores nostrum commodi iusto.', 583, 0, 18, '2018-10-03 01:15:32', '2018-10-03 01:15:32'),
(3, 'non', 'Voluptate facilis qui voluptate quia est soluta. Similique enim maxime ea aliquid ab. Natus temporibus est et non ad dolorum. Consequuntur suscipit maxime enim sit quae sit. Velit earum ea id harum soluta sunt veniam.', 129, 2, 7, '2018-10-03 01:15:32', '2018-10-03 01:15:32'),
(4, 'laborum', 'Et doloribus et ipsam placeat nemo tempore rem. Saepe praesentium omnis molestias fuga. Doloribus distinctio tenetur voluptas quia molestiae.', 879, 5, 6, '2018-10-03 01:15:32', '2018-10-03 01:15:32'),
(5, 'nihil', 'Vitae iusto repellat itaque nobis. Aut est est voluptatem vitae rem assumenda. Consequatur quo itaque porro necessitatibus et repudiandae. Nihil dolores culpa ullam.', 961, 6, 28, '2018-10-03 01:15:32', '2018-10-03 01:15:32'),
(6, 'a', 'Consequatur aut qui accusantium aut rerum. Amet autem quos nihil optio dolorem atque nobis. Possimus provident delectus accusamus repellendus omnis ad.', 352, 0, 11, '2018-10-03 01:15:32', '2018-10-03 01:15:32'),
(7, 'molestias', 'Aliquid consequatur eum esse nulla molestiae aut. Eum sapiente commodi odit ut magni sunt omnis.', 235, 6, 30, '2018-10-03 01:15:32', '2018-10-03 01:15:32'),
(8, 'id', 'Quod accusamus voluptate assumenda repellendus ad et officiis pariatur. Repudiandae voluptas assumenda et qui omnis nam dolor unde.', 538, 8, 9, '2018-10-03 01:15:32', '2018-10-03 01:15:32'),
(9, 'nesciunt', 'Sint fuga quia aut culpa dolor. Ipsa accusamus sed nesciunt repellendus quo. Voluptatem aut id est sapiente id rerum.', 164, 8, 26, '2018-10-03 01:15:32', '2018-10-03 01:15:32'),
(10, 'minus', 'Consequatur ut natus aspernatur est officia eius. Ex nobis facere quasi quia exercitationem. Minima consequuntur error ut ipsam est tempora.', 764, 7, 19, '2018-10-03 01:15:32', '2018-10-03 01:15:32'),
(11, 'doloremque', 'Et ut dolorem nesciunt temporibus ratione. Aliquam suscipit sunt aut ut odio temporibus voluptas. Similique eligendi illo et accusamus aut non.', 404, 8, 25, '2018-10-03 01:15:32', '2018-10-03 01:15:32'),
(12, 'ipsa', 'Rerum sit atque ipsum. Et fugiat et dolores in cupiditate. Omnis aliquam ad corrupti reiciendis id.', 927, 3, 23, '2018-10-03 01:15:32', '2018-10-03 01:15:32'),
(13, 'doloribus', 'Inventore aut voluptatem esse quis natus et. Aliquam sit ratione est quisquam perspiciatis veniam iusto. Sunt saepe quam reprehenderit quo tempora. Eaque placeat dolorum ut aliquid natus placeat voluptas sequi. Fugiat esse enim illum.', 616, 3, 11, '2018-10-03 01:15:32', '2018-10-03 01:15:32'),
(14, 'tenetur', 'Accusamus vero magni et fugiat velit asperiores debitis. Et voluptas eum est consequatur. Pariatur sed nulla autem.', 878, 9, 16, '2018-10-03 01:15:32', '2018-10-03 01:15:32'),
(15, 'doloribus', 'Recusandae eum eaque corporis natus. Ipsam tempore ratione corrupti quam nesciunt enim nemo. Animi accusamus harum animi dolorem ducimus. Reprehenderit accusamus quisquam distinctio dolores maiores qui quia.', 531, 1, 8, '2018-10-03 01:15:32', '2018-10-03 01:15:32'),
(16, 'sed', 'Quae tenetur sunt itaque sequi et sed. Dicta sint beatae saepe velit ea et earum est. Magni expedita commodi aperiam delectus facere.', 280, 5, 24, '2018-10-03 01:15:32', '2018-10-03 01:15:32'),
(17, 'necessitatibus', 'Repellendus aut incidunt dolores. Velit et aut ut dolores quia vel. Vel totam necessitatibus aut maxime maxime itaque.', 258, 2, 4, '2018-10-03 01:15:33', '2018-10-03 01:15:33'),
(18, 'aliquid', 'Temporibus suscipit et eveniet qui tempora. Adipisci voluptas id molestiae omnis ratione quae aut.', 878, 7, 4, '2018-10-03 01:15:33', '2018-10-03 01:15:33'),
(19, 'doloribus', 'Voluptas et non ipsum. Sit similique voluptas sed neque. Voluptatem at similique vel repellat aliquid et.', 326, 7, 12, '2018-10-03 01:15:33', '2018-10-03 01:15:33'),
(20, 'nostrum', 'Voluptatum et iusto ducimus illo cupiditate. Non voluptatum aut saepe velit hic.', 663, 2, 9, '2018-10-03 01:15:33', '2018-10-03 01:15:33'),
(21, 'quam', 'Quam doloribus dolores facere qui soluta accusantium nihil. Esse optio sint magni assumenda fugit consectetur voluptate.', 559, 8, 5, '2018-10-03 01:15:33', '2018-10-03 01:15:33'),
(22, 'animi', 'Repudiandae sapiente ipsa id ex quia facere. Consequuntur repellat quia laboriosam at fuga. Corporis quasi modi libero eaque nobis.', 689, 4, 28, '2018-10-03 01:15:33', '2018-10-03 01:15:33'),
(23, 'inventore', 'Itaque commodi et voluptatem officia. Asperiores voluptas a possimus corrupti rerum et. Quam voluptatem rem et ut repellendus adipisci. Quia repudiandae nulla a sunt.', 485, 5, 3, '2018-10-03 01:15:33', '2018-10-03 01:15:33'),
(24, 'minima', 'Saepe sint doloremque totam dicta velit. Atque veniam aut cumque eum qui.', 178, 9, 2, '2018-10-03 01:15:33', '2018-10-03 01:15:33'),
(25, 'recusandae', 'Nihil incidunt est blanditiis nisi ut aut dolor. Esse odit impedit ut qui. In dolor voluptas nihil aliquid id. Officiis velit error autem.', 687, 0, 4, '2018-10-03 01:15:33', '2018-10-03 01:15:33'),
(26, 'in', 'Perspiciatis sed corporis ut sed accusantium. Sed sapiente optio similique magnam impedit. Sed est inventore praesentium quia. Fuga laudantium quas in.', 627, 5, 23, '2018-10-03 01:15:33', '2018-10-03 01:15:33'),
(27, 'totam', 'Nihil reiciendis iusto veritatis omnis. Mollitia hic unde molestiae suscipit. Rem aliquam at amet sit sit repellat est minima. Et illum doloremque aut commodi.', 862, 7, 27, '2018-10-03 01:15:33', '2018-10-03 01:15:33'),
(28, 'labore', 'Voluptas voluptatem accusamus inventore accusantium cum aut id. Dignissimos iste id inventore hic. Sint ut sit ratione provident est dolore. Ratione optio ad dolore rem illum.', 101, 0, 27, '2018-10-03 01:15:33', '2018-10-03 01:15:33'),
(29, 'animi', 'Dignissimos aut dolore consequuntur laboriosam eligendi. Sed maiores voluptatem modi alias rerum possimus aliquam. Repellendus minus eum facilis. Laborum qui atque distinctio ex rem autem at commodi.', 812, 7, 11, '2018-10-03 01:15:33', '2018-10-03 01:15:33'),
(30, 'doloribus', 'Qui omnis non eaque fugiat veritatis repellendus. Et placeat mollitia sit cum fuga et labore labore. Voluptates eos explicabo sapiente rerum voluptatem.', 119, 9, 15, '2018-10-03 01:15:33', '2018-10-03 01:15:33'),
(31, 'quibusdam', 'Repellendus expedita earum accusamus odit hic sed temporibus consequatur. Aut molestiae saepe enim debitis iusto.', 431, 2, 11, '2018-10-03 01:15:33', '2018-10-03 01:15:33'),
(32, 'et', 'Consequatur quae quis maxime sint. Sit non magnam iure nisi.', 109, 2, 26, '2018-10-03 01:15:33', '2018-10-03 01:15:33'),
(33, 'exercitationem', 'Est laudantium tenetur consequatur porro. Nulla aut eos commodi enim tempore fuga ipsa. Ut quisquam ad sunt porro ea velit sed. Laborum porro ab ipsam nam et tempora veniam.', 325, 3, 21, '2018-10-03 01:15:33', '2018-10-03 01:15:33'),
(34, 'nisi', 'Vero sapiente quidem magnam laudantium delectus cumque nihil. Dignissimos excepturi voluptas praesentium dolore velit. Eaque modi sed praesentium cupiditate et adipisci doloremque.', 354, 8, 16, '2018-10-03 01:15:33', '2018-10-03 01:15:33'),
(35, 'esse', 'Natus non reiciendis tempore nemo in nostrum dolores. Aperiam in vitae et aut ea vel nesciunt. Qui sequi sapiente itaque labore.', 557, 9, 17, '2018-10-03 01:15:33', '2018-10-03 01:15:33'),
(36, 'deserunt', 'Qui ut voluptatem nisi eius quod. Accusamus autem qui facilis et. Ipsum et qui magnam. Voluptatem quasi tenetur exercitationem laudantium nihil.', 267, 2, 21, '2018-10-03 01:15:33', '2018-10-03 01:15:33'),
(37, 'dolorum', 'Numquam nostrum sed vel voluptas. Dolor labore minus ipsam. Expedita qui velit minima voluptas unde autem quos. Sit provident consequatur voluptas a rem.', 263, 1, 6, '2018-10-03 01:15:33', '2018-10-03 01:15:33'),
(38, 'quia', 'Error officiis odit harum quia iure eveniet velit. Repellat temporibus sit molestias minus mollitia id asperiores cum. Tempore necessitatibus ipsam aut et quia. Quia molestiae totam sit molestias blanditiis corrupti nisi.', 663, 4, 8, '2018-10-03 01:15:33', '2018-10-03 01:15:33'),
(39, 'consequatur', 'Quae maxime et at magnam. Velit quis quia provident voluptatem. Ut ad temporibus sequi sit excepturi ut. Assumenda fugiat sit quidem porro praesentium non.', 549, 6, 12, '2018-10-03 01:15:33', '2018-10-03 01:15:33'),
(40, 'amet', 'Nesciunt et a et facilis necessitatibus tempora officiis. Sunt facilis nostrum omnis aut dolores unde aut. Molestias molestiae nobis voluptas sit tenetur maxime voluptas.', 465, 6, 25, '2018-10-03 01:15:33', '2018-10-03 01:15:33'),
(41, 'est', 'Et mollitia repellat sed aut quia dolores quia. Animi blanditiis sed molestiae aut et earum. Odio at exercitationem iste odit quae. Necessitatibus repudiandae tempore aut perspiciatis eaque.', 231, 3, 21, '2018-10-03 01:15:33', '2018-10-03 01:15:33'),
(42, 'recusandae', 'Alias aspernatur ut sed pariatur ea deserunt qui. Necessitatibus quas facilis sint qui aut totam corrupti corporis. Vitae ut et voluptatem sunt.', 575, 7, 28, '2018-10-03 01:15:33', '2018-10-03 01:15:33'),
(43, 'animi', 'Praesentium quae dolores voluptate aut omnis veritatis incidunt sunt. Ipsum architecto qui enim praesentium ipsa aliquid. Blanditiis provident cupiditate odio quod consequuntur. Omnis impedit laborum voluptatem molestiae temporibus consectetur natus.', 795, 9, 2, '2018-10-03 01:15:34', '2018-10-03 01:15:34'),
(44, 'possimus', 'Id excepturi voluptates eum corrupti et maxime. Vero vero ipsum tenetur consequuntur facere quos sapiente. A quo voluptates nostrum quis. Assumenda non esse eaque quia amet ab.', 241, 0, 18, '2018-10-03 01:15:34', '2018-10-03 01:15:34'),
(45, 'ut', 'Architecto magni quas et enim sequi. Voluptates sapiente id quas exercitationem hic possimus distinctio consequatur. Veniam hic velit qui ipsum.', 307, 1, 10, '2018-10-03 01:15:34', '2018-10-03 01:15:34'),
(46, 'expedita', 'Excepturi eos eius inventore ullam possimus velit recusandae modi. Beatae repudiandae quod libero nulla. Minima ut aliquam quo.', 250, 9, 11, '2018-10-03 01:15:34', '2018-10-03 01:15:34'),
(47, 'temporibus', 'Praesentium earum laboriosam quod aut tenetur repellendus minus magni. Labore deleniti eos est architecto consectetur corporis. Similique est dolores qui hic voluptas labore.', 104, 5, 29, '2018-10-03 01:15:34', '2018-10-03 01:15:34'),
(48, 'nihil', 'Similique maiores sed in quia laboriosam. Vel quis animi eos beatae sapiente ullam ea voluptatem. Quaerat dolor aliquam saepe similique in quod. Enim et suscipit sed ex iste.', 728, 4, 19, '2018-10-03 01:15:34', '2018-10-03 01:15:34'),
(49, 'quisquam', 'Velit ut provident vero omnis non dignissimos. Quo magnam sit non et soluta accusantium dolorum quo. Et et praesentium cumque ut.', 684, 1, 4, '2018-10-03 01:15:34', '2018-10-03 01:15:34'),
(50, 'in', 'Quia et nisi ducimus numquam et culpa. Voluptatem sapiente soluta suscipit praesentium sit numquam. Et accusantium numquam ut iste dolor. Id excepturi tenetur iusto quos ratione tempore.', 116, 0, 22, '2018-10-03 01:15:34', '2018-10-03 01:15:34');

-- --------------------------------------------------------

--
-- Table structure for table `reviews`
--

CREATE TABLE `reviews` (
  `id` int(10) UNSIGNED NOT NULL,
  `product_id` int(10) UNSIGNED NOT NULL,
  `customer` varchar(255) COLLATE utf8mb4_unicode_ci NOT NULL,
  `review` text COLLATE utf8mb4_unicode_ci NOT NULL,
  `star` int(11) NOT NULL,
  `created_at` timestamp NULL DEFAULT NULL,
  `updated_at` timestamp NULL DEFAULT NULL
) ENGINE=InnoDB DEFAULT CHARSET=utf8mb4 COLLATE=utf8mb4_unicode_ci;

--
-- Dumping data for table `reviews`
--

INSERT INTO `reviews` (`id`, `product_id`, `customer`, `review`, `star`, `created_at`, `updated_at`) VALUES
(1, 27, 'Miss Cayla Altenwerth', 'Quidem quia quo tempora architecto quidem qui. Cum est occaecati culpa et non consequuntur. Architecto et porro alias dolorum. Et est expedita aliquam voluptatem dolorem perspiciatis veritatis.', 4, '2018-10-03 01:15:35', '2018-10-03 01:15:35'),
(2, 12, 'Hyman Aufderhar III', 'Tempore numquam et est tempora quo. Tempore tempore eaque eligendi omnis dolorem odio ut illo. Numquam ut rerum ipsum esse. Qui amet est mollitia asperiores nulla nemo vitae eveniet.', 5, '2018-10-03 01:15:35', '2018-10-03 01:15:35'),
(3, 10, 'Ryan Upton', 'Nihil sit fugit debitis ab voluptas. Maiores consequuntur aut itaque vel nulla. Qui atque quo consectetur nihil illo natus id.', 1, '2018-10-03 01:15:35', '2018-10-03 01:15:35'),
(4, 7, 'Norbert Lemke', 'Quae est ullam alias non eos. Aliquam aut aliquam assumenda atque. Cum quis facere libero unde culpa. Velit laudantium quam ab eius ut maiores. Culpa et doloribus vero.', 2, '2018-10-03 01:15:35', '2018-10-03 01:15:35'),
(5, 36, 'Abbey Smith', 'Quae cum et cum quia et possimus praesentium. Soluta suscipit aut est cum voluptas. Nisi commodi sit porro mollitia molestias dolore.', 4, '2018-10-03 01:15:35', '2018-10-03 01:15:35'),
(6, 32, 'Aurore Davis', 'Qui magni nobis voluptatibus beatae sint rerum. Omnis ipsa pariatur amet consequatur. Illum error suscipit quidem deleniti rem eligendi.', 5, '2018-10-03 01:15:35', '2018-10-03 01:15:35'),
(7, 16, 'Duane Cremin', 'Minima delectus similique aperiam. Laborum corrupti incidunt nihil quia voluptatem ab natus. Dolorum nulla quia at vel et. Recusandae dolore facilis voluptatem quae ut quod.', 4, '2018-10-03 01:15:35', '2018-10-03 01:15:35'),
(8, 21, 'Prof. Libby Labadie', 'Voluptatem soluta repudiandae dolor qui. Necessitatibus quidem ducimus atque possimus in magni unde. Occaecati est laudantium aliquid voluptate et iste consequatur. Possimus velit qui est.', 1, '2018-10-03 01:15:35', '2018-10-03 01:15:35'),
(9, 28, 'Matt Satterfield', 'Nesciunt sunt qui natus voluptatibus sed. Aut velit fugiat saepe. Vero impedit unde nemo minima iusto voluptatem provident qui.', 2, '2018-10-03 01:15:35', '2018-10-03 01:15:35'),
(10, 3, 'Imogene Stokes', 'Fuga ipsum voluptatem eum in aperiam omnis. Adipisci accusantium placeat nam in. Rerum sint tenetur aut aut natus corrupti excepturi. Aut dolores qui optio.', 5, '2018-10-03 01:15:35', '2018-10-03 01:15:35'),
(11, 6, 'Camille Romaguera', 'Mollitia quia beatae nihil voluptate quia voluptates. Sed sapiente quis aut sed inventore et.', 4, '2018-10-03 01:15:35', '2018-10-03 01:15:35'),
(12, 5, 'Thad Bauch DDS', 'Ad velit ex quos ut. Quidem velit et ipsam deserunt id in et. Aut porro et accusamus. Temporibus consequatur placeat ipsam ut.', 4, '2018-10-03 01:15:35', '2018-10-03 01:15:35'),
(13, 13, 'Kenya Krajcik', 'Aut est quam quia autem. Ad suscipit aut est corporis. Autem ipsam est modi similique. Ratione sed nemo iure veritatis ratione.', 2, '2018-10-03 01:15:35', '2018-10-03 01:15:35'),
(14, 22, 'Prof. Jo Kihn', 'Animi ea voluptas aut reiciendis. Quis tempora accusantium animi architecto quo. Quos accusantium est quidem magnam asperiores ad.', 1, '2018-10-03 01:15:35', '2018-10-03 01:15:35'),
(15, 38, 'Carmen Jones PhD', 'Et eos ea enim. Quo eligendi molestiae laboriosam amet.', 4, '2018-10-03 01:15:35', '2018-10-03 01:15:35'),
(16, 18, 'Angus Thiel', 'Labore a vel quod doloremque nihil vero ullam. Provident at ut eum facilis quidem libero in impedit. Esse recusandae repudiandae aperiam adipisci similique suscipit omnis.', 1, '2018-10-03 01:15:35', '2018-10-03 01:15:35'),
(17, 50, 'Jacquelyn Funk', 'Fugit omnis enim ratione quos sapiente. Iste tempore quam deserunt cupiditate in aut accusamus. Dolore autem perspiciatis est et. Pariatur earum ullam deserunt repudiandae neque consectetur.', 3, '2018-10-03 01:15:35', '2018-10-03 01:15:35'),
(18, 33, 'Mrs. Ethyl Lakin', 'Iste incidunt sed in et ratione. Magni aperiam ex tenetur atque in non atque.', 2, '2018-10-03 01:15:35', '2018-10-03 01:15:35'),
(19, 20, 'Velda Steuber', 'A distinctio velit mollitia eaque in voluptatum. Unde excepturi ut provident veritatis est eaque. Dolorem et ad nihil aliquam ab minima laboriosam.', 5, '2018-10-03 01:15:36', '2018-10-03 01:15:36'),
(20, 2, 'Prof. Christelle Weber', 'Aut numquam quos voluptas suscipit ea nostrum quo. Hic aut voluptas molestiae quas. Voluptatem soluta consequatur est quis porro. Officia ex officiis aut in quidem iusto.', 2, '2018-10-03 01:15:36', '2018-10-03 01:15:36'),
(21, 46, 'Mylene Fadel V', 'Similique soluta est laborum aut. Harum eos ab perspiciatis et et. Quis aut et est cupiditate vel doloribus. Modi voluptas ipsam praesentium explicabo enim.', 2, '2018-10-03 01:15:36', '2018-10-03 01:15:36'),
(22, 7, 'Margarete Cremin', 'Similique ut aperiam illo non blanditiis ratione voluptatem. Dolores est debitis sed est quibusdam praesentium eaque. In porro in maiores sequi.', 4, '2018-10-03 01:15:36', '2018-10-03 01:15:36'),
(23, 7, 'Toni Stark', 'Libero et alias hic rem. Et et molestiae et quos atque voluptas saepe. Minus sapiente nam maxime accusantium nesciunt sunt sint aperiam. Nihil aut velit similique inventore vitae eligendi.', 3, '2018-10-03 01:15:36', '2018-10-03 01:15:36'),
(24, 36, 'Leslie Heathcote', 'Rem id mollitia quia consectetur voluptatem. Enim repudiandae error vitae. Modi quam voluptatum consequatur quia ut. Harum aut corporis corrupti ipsa illo molestias consequatur.', 2, '2018-10-03 01:15:36', '2018-10-03 01:15:36'),
(25, 32, 'Dayne Little', 'Autem quis perspiciatis ipsa sunt sunt vel consequatur. Ut quis id porro pariatur tempora. Voluptatum qui quo voluptatem eos laudantium.', 4, '2018-10-03 01:15:36', '2018-10-03 01:15:36'),
(26, 39, 'Arch Kreiger', 'Ut harum vero iste sit iste aut minima. Quae dolore aut exercitationem soluta. Soluta aperiam qui quis tempora officiis modi blanditiis. Suscipit sunt voluptas ut est dolores in eos.', 1, '2018-10-03 01:15:36', '2018-10-03 01:15:36'),
(27, 22, 'Linwood White DDS', 'Quo dolorem qui eum ipsum maxime eaque. Exercitationem aut sed velit. Quas harum quibusdam corporis minus vero.', 3, '2018-10-03 01:15:36', '2018-10-03 01:15:36'),
(28, 39, 'Hoyt Swift', 'Enim numquam ducimus quis. Voluptatem eum totam voluptas placeat. Est sunt sed autem qui rerum deserunt ea. Nemo qui est et sint modi delectus cumque.', 5, '2018-10-03 01:15:36', '2018-10-03 01:15:36'),
(29, 38, 'Marlen Feeney', 'Quis neque possimus nihil similique consectetur excepturi. Et mollitia quaerat velit fuga sit.', 0, '2018-10-03 01:15:36', '2018-10-03 01:15:36'),
(30, 13, 'Ernesto Jaskolski', 'Et porro corporis autem odit officia eaque ut. Reprehenderit laborum quasi atque sit exercitationem veniam. Sit in minus incidunt illo nesciunt est tenetur. Expedita dolorem modi debitis nesciunt.', 3, '2018-10-03 01:15:36', '2018-10-03 01:15:36'),
(31, 40, 'Fredy Berge', 'Accusantium occaecati aliquid architecto natus facilis neque fugit cupiditate. Est voluptas aliquam quae est velit vitae. Omnis rem quas vel rerum sint nihil iure. Dignissimos iusto nam fugiat provident est assumenda enim.', 0, '2018-10-03 01:15:36', '2018-10-03 01:15:36'),
(32, 16, 'Ms. Mittie Upton', 'Animi cumque quos totam est quia impedit eligendi. Ratione tenetur culpa consequatur reiciendis ut eveniet. Voluptas aut dicta sint nihil. Dignissimos et magni repudiandae voluptatem.', 3, '2018-10-03 01:15:36', '2018-10-03 01:15:36'),
(33, 39, 'Florence Mills', 'Qui deleniti saepe aut voluptatem. Atque corporis qui sed molestiae voluptatum quis. Tenetur et dolor saepe cupiditate velit error voluptatem.', 3, '2018-10-03 01:15:36', '2018-10-03 01:15:36'),
(34, 13, 'Herbert Kerluke', 'Nostrum earum fugit numquam saepe ut aspernatur. Consequatur culpa quia exercitationem quis enim. Delectus tenetur delectus magni et animi maiores. Voluptas nobis deleniti magnam ipsa assumenda tempore.', 4, '2018-10-03 01:15:36', '2018-10-03 01:15:36'),
(35, 38, 'Miss Monique Pfeffer PhD', 'Consequatur et nihil earum nisi. Odit aliquid quis aliquid nihil quidem. Exercitationem sit enim qui quaerat quia repudiandae.', 2, '2018-10-03 01:15:36', '2018-10-03 01:15:36'),
(36, 13, 'Gregory Hyatt II', 'Possimus ad dignissimos earum nulla et. Omnis quidem laboriosam et. Voluptates voluptatem et assumenda illo accusantium modi. Et sed ut sit vero unde doloribus.', 0, '2018-10-03 01:15:36', '2018-10-03 01:15:36'),
(37, 20, 'Gilberto Kuhn', 'Quod aliquid voluptas voluptas omnis enim et. Laudantium repellendus maxime dignissimos ut. In minima non dolores saepe quod in aliquam. Quis sit vero voluptatem qui.', 1, '2018-10-03 01:15:36', '2018-10-03 01:15:36'),
(38, 13, 'Lila Kuhic', 'Suscipit voluptas sed et iste ea. Qui quia non dolores aliquid fugit itaque praesentium. Corporis ducimus qui aliquid inventore minus rerum. Ut odit quasi voluptatum cupiditate eos accusantium.', 0, '2018-10-03 01:15:36', '2018-10-03 01:15:36'),
(39, 1, 'Mrs. Virginie Heidenreich', 'Ipsa soluta sit possimus excepturi temporibus quo asperiores. Consequatur doloremque fugiat autem optio eos ea. Ipsa magnam nostrum tempora vero aperiam. Quis voluptas et quod aliquam porro magnam.', 4, '2018-10-03 01:15:36', '2018-10-03 01:15:36'),
(40, 6, 'Mrs. Laila Runolfsson', 'Tempore non beatae et nostrum quod explicabo. Dolores at consequatur non. Vel est nihil labore sed earum ut ut. Et nihil id sapiente ratione qui fugit quia at.', 4, '2018-10-03 01:15:36', '2018-10-03 01:15:36'),
(41, 14, 'Ephraim Brekke', 'Architecto non et voluptatem. Culpa totam harum voluptate maxime quod molestias velit.', 0, '2018-10-03 01:15:36', '2018-10-03 01:15:36'),
(42, 50, 'Prof. Freddie Casper MD', 'Ut illum repudiandae et consectetur non et. Doloremque aliquam quas et cum sed perspiciatis beatae.', 0, '2018-10-03 01:15:36', '2018-10-03 01:15:36'),
(43, 47, 'Jasmin Keeling', 'Libero omnis magnam possimus dolorum rerum voluptatum. Qui aut iure modi delectus quis.', 5, '2018-10-03 01:15:36', '2018-10-03 01:15:36'),
(44, 39, 'Vena Hansen', 'Explicabo hic architecto numquam qui voluptas nam aliquam molestias. Eveniet iste incidunt doloribus maxime aut error. Minima est quia at minus assumenda dolorum minus.', 2, '2018-10-03 01:15:36', '2018-10-03 01:15:36'),
(45, 12, 'Mrs. Aubree Pfannerstill', 'Aut molestiae et est ab ea. Ea voluptatem est illum aut consequatur adipisci. Dolores velit reiciendis commodi consectetur repudiandae nulla. Sit neque alias est iusto aut voluptates natus voluptatem.', 2, '2018-10-03 01:15:36', '2018-10-03 01:15:36'),
(46, 22, 'Joshuah Kilback V', 'Quam quia explicabo dicta vero eos tenetur. Quasi expedita reprehenderit ducimus eius animi cum iste. Vero voluptate quidem ipsa. Modi et magni esse ut. Et ducimus consequatur non unde aut.', 0, '2018-10-03 01:15:37', '2018-10-03 01:15:37'),
(47, 36, 'Isabel Batz Jr.', 'Iste mollitia qui doloribus. Debitis illo veniam impedit beatae delectus vel mollitia.', 4, '2018-10-03 01:15:37', '2018-10-03 01:15:37'),
(48, 21, 'Terrence Kshlerin', 'Et odio voluptatem rerum quia. Qui illum dolorem sunt eaque vel dolorum eaque. Assumenda sint in soluta aut commodi. Maxime enim sint qui aut doloribus.', 5, '2018-10-03 01:15:37', '2018-10-03 01:15:37'),
(49, 5, 'Dr. Jayme Jacobson', 'Non est dolorem quo omnis et. Cupiditate provident qui omnis laborum nemo incidunt quae. Asperiores et expedita rerum aut.', 0, '2018-10-03 01:15:37', '2018-10-03 01:15:37'),
(50, 6, 'Franco Beahan MD', 'Magni quibusdam ipsum officiis omnis suscipit est fugit dolor. Ducimus quia voluptatem facilis amet debitis laudantium. Voluptas dolorem qui fuga dolore impedit. Neque nesciunt perspiciatis et.', 0, '2018-10-03 01:15:37', '2018-10-03 01:15:37'),
(51, 27, 'Dr. Sonya Rau DVM', 'Qui necessitatibus nemo et est et esse. Velit tenetur voluptatum non voluptatem delectus. Ea omnis dicta quae quia. Nihil quibusdam et ipsum aspernatur saepe.', 5, '2018-10-03 01:15:37', '2018-10-03 01:15:37'),
(52, 6, 'Breanne Kerluke', 'Officiis maiores adipisci est qui magni sed non. Error quisquam aut dolores praesentium autem a.', 0, '2018-10-03 01:15:37', '2018-10-03 01:15:37'),
(53, 26, 'Meta Green', 'Dolorum quia voluptas sed molestiae. Aut et ea natus rerum vel. Eum et minima rerum voluptas eos. Sit repellat ex magnam placeat in.', 2, '2018-10-03 01:15:37', '2018-10-03 01:15:37'),
(54, 44, 'Jaqueline Stamm', 'Doloribus consequuntur earum quas. Vel voluptatum cumque labore fugiat voluptatum doloremque molestias. Ullam quo minima temporibus.', 5, '2018-10-03 01:15:37', '2018-10-03 01:15:37'),
(55, 15, 'Mrs. Savannah Padberg', 'Vel nulla reprehenderit a voluptatibus corporis corporis illum. Quia debitis ut quia aperiam. Adipisci ut laudantium et maiores.', 5, '2018-10-03 01:15:37', '2018-10-03 01:15:37'),
(56, 12, 'Kenneth Dicki', 'Nemo laudantium autem occaecati porro. Error nemo totam dolorum sed est omnis cum. Et quia ducimus ut officia.', 3, '2018-10-03 01:15:37', '2018-10-03 01:15:37'),
(57, 24, 'Otilia Fritsch', 'Eligendi harum ad labore qui. Delectus dignissimos laudantium occaecati. Ut suscipit ipsam et quia eos. Sit quam ea nemo fugiat rerum illum et.', 0, '2018-10-03 01:15:37', '2018-10-03 01:15:37'),
(58, 30, 'Loren Funk', 'Cupiditate voluptate architecto architecto laborum architecto dolorum. Sapiente quis ut quaerat eius esse. Numquam perferendis aut quod hic qui repellendus. Omnis iusto ad fugit possimus hic.', 0, '2018-10-03 01:15:37', '2018-10-03 01:15:37'),
(59, 37, 'Jerrell Predovic', 'Deleniti et rem rerum dolores aut. Quia et at aliquam repellendus. Alias blanditiis occaecati consequatur dolorem aut commodi molestiae. Debitis sequi dolorum blanditiis autem quod temporibus molestiae sed.', 3, '2018-10-03 01:15:37', '2018-10-03 01:15:37'),
(60, 12, 'Deja Bins', 'Officia provident omnis dolor beatae dignissimos officiis ut. Asperiores aspernatur aliquam molestiae repellat ut nemo. Unde aut omnis aspernatur ab. Qui sed qui qui impedit ea consequatur.', 3, '2018-10-03 01:15:37', '2018-10-03 01:15:37'),
(61, 43, 'Mr. Richard Jones I', 'Numquam saepe mollitia reiciendis totam necessitatibus reiciendis. Atque ratione aut error praesentium suscipit nesciunt vitae consequatur.', 4, '2018-10-03 01:15:37', '2018-10-03 01:15:37'),
(62, 41, 'Dr. Patricia Welch', 'Maxime nulla voluptatem ullam eligendi id similique est nesciunt. Sint aut dolores animi occaecati et nemo. Quis beatae eligendi ex sed vel. Eius et dolores sint voluptatem fugiat iusto impedit debitis.', 4, '2018-10-03 01:15:37', '2018-10-03 01:15:37'),
(63, 9, 'Isaac Mertz', 'Est exercitationem reprehenderit officia et dicta. Ea odio laudantium et eius voluptatem.', 1, '2018-10-03 01:15:37', '2018-10-03 01:15:37'),
(64, 1, 'Mr. Alberto Schumm', 'Vel et ut deserunt deleniti repellat qui. Nihil minus illo pariatur et. Veritatis aliquam totam assumenda esse et omnis et. Voluptatem porro delectus eum magni sint ad nihil id.', 5, '2018-10-03 01:15:37', '2018-10-03 01:15:37'),
(65, 9, 'Dr. Judson West', 'Et magni magnam fuga ut qui sed eos. Culpa facilis voluptatem ea quasi adipisci.', 2, '2018-10-03 01:15:37', '2018-10-03 01:15:37'),
(66, 15, 'Miss Ally Marquardt III', 'In perferendis et illo distinctio maxime incidunt. Sit nobis dolores ducimus tenetur odit praesentium velit. Dolorem illo quo nemo. Laborum error voluptatem temporibus ullam illum.', 0, '2018-10-03 01:15:37', '2018-10-03 01:15:37'),
(67, 27, 'Samir Conroy V', 'Exercitationem odio facilis consequatur accusamus qui ea ea. Voluptatem blanditiis soluta accusantium officiis qui. Vel atque non nihil quia. Et sit esse quam numquam aut.', 0, '2018-10-03 01:15:37', '2018-10-03 01:15:37'),
(68, 46, 'Miguel Wolf', 'Eos repudiandae ducimus adipisci et non voluptatum iusto quasi. Sit molestiae nihil distinctio. Rerum distinctio debitis rerum sed nihil.', 1, '2018-10-03 01:15:37', '2018-10-03 01:15:37'),
(69, 17, 'Roel Balistreri', 'Consectetur soluta quidem voluptas laboriosam deserunt vel qui. Voluptatem inventore et aut dolorum et dolorum. Sit magnam nobis nihil. Vel tenetur asperiores aut magnam nisi possimus ea. Laudantium molestiae corporis natus ut sunt.', 0, '2018-10-03 01:15:37', '2018-10-03 01:15:37'),
(70, 32, 'Jackson Littel MD', 'Et velit voluptatem perferendis quos omnis aut iste. Sit animi non doloremque voluptate et sed. Veritatis impedit et velit omnis.', 0, '2018-10-03 01:15:37', '2018-10-03 01:15:37'),
(71, 25, 'Prof. Carson Lubowitz', 'Natus consequatur sint autem. Perferendis dolore hic ipsa repellat est. Id voluptas molestias et aut sunt. Et et enim minus eaque.', 5, '2018-10-03 01:15:37', '2018-10-03 01:15:37'),
(72, 6, 'Alexanne Bechtelar', 'Distinctio sed in id molestiae et veniam. Vero modi quis consequatur ad ipsum quibusdam officia cum. Totam quis voluptatem molestiae rem. Maxime non eligendi distinctio consectetur nesciunt sequi aliquam.', 4, '2018-10-03 01:15:38', '2018-10-03 01:15:38'),
(73, 50, 'Malinda Russel DDS', 'Accusantium sunt hic vitae ad totam culpa repellendus. Optio et qui autem. Consequatur rem est iusto ducimus possimus autem nostrum natus.', 4, '2018-10-03 01:15:38', '2018-10-03 01:15:38'),
(74, 18, 'Kade Prosacco', 'Nihil suscipit voluptates unde. Laboriosam nisi voluptatum veritatis. Ut nihil officiis tempore voluptatem consectetur quos.', 1, '2018-10-03 01:15:38', '2018-10-03 01:15:38'),
(75, 38, 'Prof. Kaylin Cronin I', 'Illo ut ut aut quibusdam dolorum. Ut eum praesentium et aut sed. Et temporibus sit ut minus quae hic earum vel. Quia ipsa ad non dolores explicabo in.', 5, '2018-10-03 01:15:38', '2018-10-03 01:15:38'),
(76, 1, 'Lou Lowe', 'Impedit rerum aspernatur ut itaque officia magnam. Autem enim magnam qui quis fugit voluptate consequatur. Saepe molestias illum occaecati praesentium quasi unde. Voluptatum similique ut officiis minima.', 2, '2018-10-03 01:15:38', '2018-10-03 01:15:38'),
(77, 18, 'Xzavier Will Sr.', 'Dolore aut velit magni nulla. Optio velit quibusdam voluptas commodi repellat. Voluptatem hic possimus natus nam ratione deleniti ea officiis.', 0, '2018-10-03 01:15:38', '2018-10-03 01:15:38'),
(78, 48, 'Donny Boyer', 'Labore explicabo dolores laboriosam repellendus recusandae quasi fuga. Quia et animi eaque nam maxime cupiditate. Quo laboriosam nemo consequatur est.', 4, '2018-10-03 01:15:38', '2018-10-03 01:15:38'),
(79, 26, 'Ms. Lillie Bernhard', 'Dolorem nulla laborum sunt libero. In et aliquid ab deserunt nostrum sequi et. Qui error qui aut eum perferendis.', 2, '2018-10-03 01:15:38', '2018-10-03 01:15:38'),
(80, 36, 'Rhea Beatty', 'Et ad maiores repudiandae ipsum autem beatae assumenda. Corrupti vel sed aspernatur qui velit ut. Tenetur dolor repudiandae occaecati. Velit qui iure animi qui quia consequuntur.', 5, '2018-10-03 01:15:38', '2018-10-03 01:15:38'),
(81, 34, 'Ivory Farrell', 'Sed sed nemo vel. Non corporis quas nihil qui ut aut ab. At architecto asperiores voluptatum aut pariatur eius nobis. Quod accusantium libero nesciunt. Qui atque quisquam consequatur.', 1, '2018-10-03 01:15:38', '2018-10-03 01:15:38'),
(82, 16, 'Travis Grady', 'Aut pariatur cupiditate maxime perspiciatis. Ratione qui quod necessitatibus architecto sed adipisci ratione.', 1, '2018-10-03 01:15:38', '2018-10-03 01:15:38'),
(83, 46, 'Madelyn Kerluke', 'Ea quae quae totam itaque fugiat. In dolorum enim voluptas commodi rem veniam provident possimus.', 2, '2018-10-03 01:15:38', '2018-10-03 01:15:38'),
(84, 10, 'Mac Cronin DDS', 'Pariatur harum eligendi cum voluptatem laboriosam ipsum. Explicabo tenetur nemo enim sit. Rem animi sequi saepe earum eum labore ut. Ea deserunt quae cum doloribus dolor.', 2, '2018-10-03 01:15:38', '2018-10-03 01:15:38'),
(85, 10, 'Kiley Terry', 'Soluta sit aut aperiam ut quasi sunt. Dolorum voluptate esse eum illo.', 5, '2018-10-03 01:15:38', '2018-10-03 01:15:38'),
(86, 14, 'Jairo Conroy', 'Ipsam quos aliquid ut sit molestiae optio aliquid qui. Autem reiciendis aut distinctio officiis doloremque. Soluta laboriosam aliquid et voluptas eligendi dolores.', 5, '2018-10-03 01:15:38', '2018-10-03 01:15:38'),
(87, 6, 'Linnea Kuphal DVM', 'Vero id tempora veritatis ad repellat consequatur saepe quis. Nisi alias beatae atque aut.', 3, '2018-10-03 01:15:38', '2018-10-03 01:15:38'),
(88, 41, 'Thad Bashirian', 'Magnam provident esse distinctio modi. Tempora doloremque quas ut sapiente molestiae eius. Dolore reiciendis reiciendis laudantium saepe. Aut qui voluptatem qui consequuntur libero qui assumenda.', 1, '2018-10-03 01:15:38', '2018-10-03 01:15:38'),
(89, 43, 'Magdalen Gleason', 'Accusamus labore voluptatem nostrum ipsam aliquid. Aut culpa aliquam sapiente nam beatae et aperiam. Quas in eligendi mollitia maiores. Magnam facere quisquam iste ullam consequatur.', 3, '2018-10-03 01:15:38', '2018-10-03 01:15:38'),
(90, 6, 'Prof. Bernadine Hirthe', 'Possimus amet fuga tempore quaerat omnis accusamus. Laudantium voluptatem corporis consequatur ullam ab. Est est sed occaecati non voluptas porro perferendis. Pariatur optio voluptate a omnis qui.', 3, '2018-10-03 01:15:38', '2018-10-03 01:15:38'),
(91, 22, 'Stefanie Von DVM', 'Architecto voluptas consequatur eius autem et dolores fugit. Voluptates laborum ut et ut minus soluta sapiente et. In est nobis itaque quisquam quas rerum illo. Aut accusantium perspiciatis eos omnis adipisci dolore distinctio enim.', 5, '2018-10-03 01:15:38', '2018-10-03 01:15:38'),
(92, 15, 'Noah Stehr', 'Minus et debitis possimus repellat beatae. Temporibus id at aut qui aliquam modi. Reprehenderit est eveniet distinctio labore possimus vitae quas.', 2, '2018-10-03 01:15:38', '2018-10-03 01:15:38'),
(93, 29, 'Terrence Dietrich', 'Itaque ut dolores atque quo. Suscipit sed temporibus et quia qui corporis nemo quia. Quos nisi ad molestias ut.', 4, '2018-10-03 01:15:38', '2018-10-03 01:15:38'),
(94, 13, 'Maribel Hammes', 'Consequuntur sed rerum est est dolore cupiditate velit saepe. Minus hic provident itaque architecto harum ratione quaerat. Enim iusto debitis rerum nulla voluptas id saepe.', 4, '2018-10-03 01:15:38', '2018-10-03 01:15:38'),
(95, 20, 'Treva Walsh', 'Et omnis reprehenderit sunt quasi. Quo ipsa impedit labore quo quo itaque. Numquam eum ut maiores voluptatem.', 5, '2018-10-03 01:15:38', '2018-10-03 01:15:38'),
(96, 13, 'Delbert O''Conner DDS', 'Pariatur possimus quia quaerat. Sit eius molestiae error qui a nesciunt soluta. Consequuntur animi reiciendis assumenda asperiores et. Non tempore voluptatem est.', 3, '2018-10-03 01:15:39', '2018-10-03 01:15:39'),
(97, 44, 'Dr. Donald Kreiger I', 'Accusantium dolorem ratione unde aut nulla ut soluta pariatur. Molestiae in autem aut vel voluptatem architecto. Sapiente et quibusdam quo et est atque autem.', 4, '2018-10-03 01:15:39', '2018-10-03 01:15:39'),
(98, 42, 'Anais Ebert V', 'Harum consequatur odit dignissimos recusandae accusamus. Nam nesciunt dolor voluptas voluptatum eos.', 3, '2018-10-03 01:15:39', '2018-10-03 01:15:39'),
(99, 45, 'Gilberto Auer', 'Corporis quam eos quia quis rerum ipsam adipisci et. Aliquid cumque consequuntur cum cupiditate. Similique aspernatur qui voluptas voluptatem maiores. Autem sit est perferendis qui molestias porro libero.', 4, '2018-10-03 01:15:39', '2018-10-03 01:15:39'),
(100, 10, 'Mrs. Samantha Gorczany DVM', 'Aut modi numquam reiciendis expedita. Rerum dolorem voluptate ipsam et. Cumque in esse omnis quas.', 4, '2018-10-03 01:15:39', '2018-10-03 01:15:39'),
(101, 27, 'Rollin Gusikowski', 'Accusantium ex voluptas et. Voluptate cumque ratione dignissimos fugit quis veritatis. Debitis quisquam atque qui error.', 3, '2018-10-03 01:15:39', '2018-10-03 01:15:39'),
(102, 29, 'Sonya O''Keefe', 'Minus mollitia nihil ad et eos accusamus magnam. Rerum aut rerum similique excepturi praesentium.', 3, '2018-10-03 01:15:39', '2018-10-03 01:15:39'),
(103, 33, 'Diana Adams IV', 'Consequuntur minus iusto doloremque voluptatum. Ut deleniti numquam totam mollitia. Sequi eum voluptas natus recusandae amet.', 2, '2018-10-03 01:15:39', '2018-10-03 01:15:39'),
(104, 14, 'Hugh Zulauf', 'Et sit est vel repellendus sed qui non. Iusto vero totam nihil. Modi omnis quo autem hic veniam magnam.', 3, '2018-10-03 01:15:39', '2018-10-03 01:15:39'),
(105, 11, 'Dariana Towne', 'Odio dolor et asperiores corrupti voluptatem iure. Fugit autem amet voluptatum dolor ut. Nihil similique et ut non modi est maxime tenetur. Iste aperiam et qui commodi et qui.', 2, '2018-10-03 01:15:39', '2018-10-03 01:15:39'),
(106, 39, 'Javier Swift', 'Quaerat quia soluta incidunt eos odit. Quod nisi et sint. Et et sunt praesentium ut molestiae quas laborum. Non aut minima eum impedit.', 2, '2018-10-03 01:15:39', '2018-10-03 01:15:39'),
(107, 33, 'Glenda Runolfsdottir', 'Eius cumque consequatur quam maxime odit omnis labore. Enim ea quasi sequi corporis blanditiis qui. Autem sit officia aliquam non blanditiis id est. Quis quisquam fuga necessitatibus aliquid tempora magnam.', 3, '2018-10-03 01:15:39', '2018-10-03 01:15:39'),
(108, 46, 'Prof. Kathlyn Streich DDS', 'Dicta deleniti dolorum explicabo aut voluptatum delectus pariatur. At impedit porro voluptatum illo magnam rerum. Quidem aut debitis enim est dolorem repellat.', 3, '2018-10-03 01:15:39', '2018-10-03 01:15:39'),
(109, 40, 'Dr. Ethelyn Emard II', 'Ut ipsa amet modi. Explicabo maxime officia at numquam recusandae amet. Aut pariatur temporibus rerum quia animi ratione recusandae sint. Accusantium adipisci explicabo necessitatibus ut sed veniam accusamus.', 2, '2018-10-03 01:15:39', '2018-10-03 01:15:39'),
(110, 36, 'Dr. Zachariah Mueller V', 'Provident minus odit explicabo expedita occaecati. Qui dolorem tempora pariatur voluptates ipsam. Temporibus occaecati sunt quia sequi. Aut voluptas deleniti sit quibusdam.', 3, '2018-10-03 01:15:39', '2018-10-03 01:15:39'),
(111, 13, 'Ms. Jana O''Keefe IV', 'Nostrum architecto doloremque a iusto. Omnis blanditiis nesciunt esse tempore quae. Fugiat sequi molestiae enim expedita ut. Quo quaerat voluptatum aspernatur laboriosam cupiditate.', 4, '2018-10-03 01:15:39', '2018-10-03 01:15:39'),
(112, 2, 'Walter Rohan', 'Eaque dolores reiciendis maxime voluptas occaecati. Quia sed consequuntur commodi doloremque. Labore eum quis quas tenetur error rerum. Optio aut qui quia ut quo est.', 5, '2018-10-03 01:15:39', '2018-10-03 01:15:39'),
(113, 22, 'Ashtyn Sanford IV', 'Fugit inventore voluptas consectetur similique. Praesentium ullam amet iste voluptatem error cumque. Itaque nobis rem fugiat aut aperiam nihil neque tenetur.', 5, '2018-10-03 01:15:39', '2018-10-03 01:15:39'),
(114, 33, 'Wyatt Huels', 'Quo itaque eum eveniet perspiciatis aliquam qui. Quo beatae omnis in quibusdam accusamus ratione. Totam molestiae voluptatem similique voluptate et.', 2, '2018-10-03 01:15:39', '2018-10-03 01:15:39'),
(115, 39, 'Karli Beatty', 'Debitis earum quis alias. Tempore quisquam est minima qui consequatur esse blanditiis. Sed et non qui magnam repellat labore architecto quasi.', 4, '2018-10-03 01:15:39', '2018-10-03 01:15:39'),
(116, 43, 'Herman Flatley', 'Vel et fugit in nisi nobis harum non quis. Eum et consequatur id quis ea aut sed in.', 4, '2018-10-03 01:15:39', '2018-10-03 01:15:39'),
(117, 27, 'Sammie Mante', 'Facilis aut voluptas repellendus laudantium accusamus cupiditate quis. Tempore eveniet consequatur recusandae ab molestias in.', 3, '2018-10-03 01:15:39', '2018-10-03 01:15:39'),
(118, 23, 'Theron Schmidt', 'Labore dolore earum officiis ratione harum dignissimos perspiciatis aspernatur. Libero aut asperiores nobis. Voluptas nihil est expedita cupiditate dolorum ipsam adipisci voluptatem. Molestiae nam fugiat iste et non laudantium. Debitis ex voluptatem soluta nobis commodi nihil.', 3, '2018-10-03 01:15:39', '2018-10-03 01:15:39'),
(119, 41, 'Elmore Shields IV', 'Debitis occaecati esse et omnis inventore corrupti. Autem omnis recusandae quo ipsam voluptas. Provident dignissimos et eaque minima excepturi quam.', 0, '2018-10-03 01:15:39', '2018-10-03 01:15:39'),
(120, 33, 'Garth Willms', 'Ut modi maiores et alias quis. Qui soluta iure ipsam dolor. Laudantium esse odit corrupti dicta. Excepturi officiis dolorum exercitationem odit rerum eum. Blanditiis sint assumenda et.', 1, '2018-10-03 01:15:40', '2018-10-03 01:15:40'),
(121, 16, 'Delilah Bradtke', 'Ut veniam sed tempore voluptas error alias. Distinctio quo ratione perspiciatis autem cupiditate.', 2, '2018-10-03 01:15:40', '2018-10-03 01:15:40'),
(122, 36, 'Tremayne Macejkovic IV', 'Ratione in et omnis dolor sed laboriosam. Error assumenda et repudiandae. Minima numquam et est nostrum.', 1, '2018-10-03 01:15:40', '2018-10-03 01:15:40'),
(123, 37, 'Mr. Camron Ullrich PhD', 'Non repellendus aut eum ea nemo debitis perspiciatis. Eum in qui doloremque in placeat. Qui cum odio unde voluptatem fuga repudiandae.', 5, '2018-10-03 01:15:40', '2018-10-03 01:15:40'),
(124, 2, 'Matilde Cronin', 'Voluptas ad atque velit cum et et nostrum quod. Nemo et omnis eum dolorum sit. Ut sequi aut excepturi voluptas excepturi. Et maiores hic dolor. Exercitationem velit sint consequatur vitae.', 1, '2018-10-03 01:15:40', '2018-10-03 01:15:40'),
(125, 17, 'Prof. Abigail Considine Sr.', 'Enim maxime quae provident quam at suscipit laborum. Aut at nostrum eligendi amet. Eaque dolor et optio distinctio. Aspernatur aut ex debitis ipsa.', 3, '2018-10-03 01:15:40', '2018-10-03 01:15:40'),
(126, 21, 'Teagan Hayes DDS', 'Magni impedit veniam id fugit iure neque. Eum aut blanditiis eveniet. Odio nostrum commodi facere et est sapiente pariatur.', 0, '2018-10-03 01:15:40', '2018-10-03 01:15:40'),
(127, 30, 'Krystina Murphy', 'Itaque eaque mollitia quis voluptatum placeat est incidunt. Saepe quae quis et et reiciendis incidunt voluptatem.', 3, '2018-10-03 01:15:40', '2018-10-03 01:15:40'),
(128, 17, 'Mr. Ahmad Jerde', 'Consectetur accusamus ducimus optio. Quaerat qui reiciendis ad quia et. Nihil inventore aliquam consequuntur qui molestias quae. Placeat hic est ex odio officiis.', 1, '2018-10-03 01:15:40', '2018-10-03 01:15:40'),
(129, 33, 'Mrs. Bridie Spinka IV', 'In aliquam impedit corrupti dolor. Ea sed consequuntur tempore quis. Accusantium fuga impedit aut culpa. Ducimus atque esse voluptatem enim et.', 2, '2018-10-03 01:15:40', '2018-10-03 01:15:40'),
(130, 17, 'Russ Franecki', 'Dignissimos natus doloribus molestiae necessitatibus nihil quia. Aut vel autem doloribus suscipit. Sit sapiente est facere dolor facilis suscipit et.', 0, '2018-10-03 01:15:40', '2018-10-03 01:15:40'),
(131, 49, 'Yvonne Barrows', 'Nihil accusantium maxime aut accusamus. Dolorum ipsum sit consequatur voluptatum illo. In consequatur velit autem. Ipsam officiis in dolor.', 2, '2018-10-03 01:15:40', '2018-10-03 01:15:40'),
(132, 21, 'Alaina Cruickshank', 'Est hic qui similique nihil eum repudiandae voluptatum sunt. Necessitatibus iure beatae magni animi provident. Qui ea voluptatem repellendus. Dolor accusamus dolorum et ratione.', 1, '2018-10-03 01:15:40', '2018-10-03 01:15:40'),
(133, 7, 'Alvera Schaden DDS', 'Et tempore eveniet culpa. Fuga et voluptas ipsum repudiandae incidunt nisi. Excepturi rem ex facere nulla magnam amet. Dolorem dolor officiis enim magnam ipsum fugit.', 0, '2018-10-03 01:15:40', '2018-10-03 01:15:40'),
(134, 2, 'Maximus Kub', 'Odit deserunt nostrum corporis omnis et. Consequatur aspernatur animi error doloremque. Rerum enim ut quidem ut.', 5, '2018-10-03 01:15:40', '2018-10-03 01:15:40'),
(135, 33, 'Guy West', 'Iusto reiciendis ipsum quisquam sunt necessitatibus animi. Ipsum enim vel nisi laboriosam.', 3, '2018-10-03 01:15:40', '2018-10-03 01:15:40'),
(136, 38, 'Everette Schaefer PhD', 'Culpa beatae omnis ut eum aut. Nulla soluta et pariatur sunt odio enim. Dolores similique recusandae in voluptates voluptatum tempora magni eos. Est repellendus laborum et natus omnis ipsum quibusdam quae. Velit repellendus blanditiis dolores sequi ipsa.', 5, '2018-10-03 01:15:40', '2018-10-03 01:15:40'),
(137, 40, 'Dr. Rico Kiehn II', 'Eius dicta voluptatem quo sunt. Et tenetur accusantium eius alias. Qui hic quibusdam deleniti voluptatem quas velit magni. Aliquam voluptatibus tempore et doloremque eveniet fugit. Est quisquam esse at.', 3, '2018-10-03 01:15:40', '2018-10-03 01:15:40'),
(138, 8, 'Russel Legros', 'Quas ut id adipisci. Quia earum odio iusto iste minus minus. Officiis aperiam ut ut in excepturi fugit cumque.', 5, '2018-10-03 01:15:41', '2018-10-03 01:15:41'),
(139, 35, 'Prof. Roosevelt Bahringer', 'Repudiandae assumenda eos et voluptatibus voluptatem reiciendis nobis. Qui ex velit recusandae quia quo. Et quam rerum nobis ipsum.', 0, '2018-10-03 01:15:41', '2018-10-03 01:15:41'),
(140, 16, 'Vicente Hansen DDS', 'Ducimus sint molestiae pariatur nostrum aliquam voluptatem autem. Sint et in dolor quia. Rem quia quia vero et ut. Rem accusantium delectus ut.', 4, '2018-10-03 01:15:41', '2018-10-03 01:15:41'),
(141, 49, 'Branson Kling I', 'Consequuntur quod ducimus facere ut eum nemo dignissimos maiores. Repellat earum et et ea velit exercitationem qui. Dolorem ex delectus animi. Voluptas impedit incidunt consequatur dolores perspiciatis. Dolor fuga accusamus culpa laboriosam hic.', 0, '2018-10-03 01:15:41', '2018-10-03 01:15:41'),
(142, 13, 'Simone Willms', 'Qui in quod ipsa veniam sed laboriosam. Nemo facilis doloremque ducimus perspiciatis non. Dolor voluptatem repellendus placeat amet ad laudantium. Ad tempore omnis ratione beatae aliquam ducimus officia.', 1, '2018-10-03 01:15:41', '2018-10-03 01:15:41'),
(143, 21, 'Kylee Bosco Jr.', 'Voluptas vero ducimus optio facilis. Sit distinctio ad deleniti occaecati. Inventore ut voluptatem alias soluta sit.', 2, '2018-10-03 01:15:41', '2018-10-03 01:15:41'),
(144, 12, 'Sophia Schultz', 'Quo consequatur laudantium reprehenderit nemo. Assumenda explicabo eveniet et facilis eum. Nemo necessitatibus assumenda sint facilis. Laudantium et accusamus autem fugit.', 3, '2018-10-03 01:15:41', '2018-10-03 01:15:41'),
(145, 16, 'Mr. Rolando Gaylord', 'At officia est id aperiam vel consequuntur. Accusantium at molestias ut impedit. Dolorum neque ut sit.', 0, '2018-10-03 01:15:41', '2018-10-03 01:15:41'),
(146, 3, 'Dr. Malinda Skiles IV', 'Est minima totam distinctio alias rerum modi. Ut quod nihil fugiat voluptatem accusantium et. Eaque sit rerum soluta fugit.', 1, '2018-10-03 01:15:41', '2018-10-03 01:15:41'),
(147, 20, 'Alexane Labadie PhD', 'Voluptas et animi vero et. Quis id dolorum provident id. Sunt magnam fugit et perferendis a dolores. Velit qui unde fuga aspernatur ut facilis sit. Omnis quis dignissimos quam id nihil commodi est id.', 0, '2018-10-03 01:15:41', '2018-10-03 01:15:41'),
(148, 12, 'Lexus Littel', 'Id consequatur nobis nihil repellat labore quibusdam. Tempora aspernatur veniam totam reiciendis fuga qui rerum. Ex quas ab reiciendis temporibus.', 0, '2018-10-03 01:15:41', '2018-10-03 01:15:41'),
(149, 14, 'Danial Walker', 'Est autem dolores quibusdam voluptatem sed facere qui. Rerum beatae est qui possimus expedita. Et et necessitatibus sed ratione esse quia id. Dolorem aut non nemo ipsa ipsa et.', 4, '2018-10-03 01:15:41', '2018-10-03 01:15:41'),
(150, 42, 'Stephan Cormier DDS', 'Dignissimos voluptates unde quis tempora dolores. Laboriosam est voluptate aut odit eos nostrum. Minus provident est praesentium enim molestias iste in. Dolorum ipsa et impedit labore aut quae ea.', 2, '2018-10-03 01:15:41', '2018-10-03 01:15:41'),
(151, 14, 'Brendon Fay', 'Dolorem quis inventore ut voluptate commodi sunt corrupti. Est magnam aperiam laborum perferendis deserunt. Veniam omnis minus fugiat qui eligendi voluptatem aut nam.', 5, '2018-10-03 01:15:41', '2018-10-03 01:15:41'),
(152, 18, 'Jana Herzog', 'Autem dignissimos consequatur illo molestias qui sequi quo. Blanditiis repudiandae et dicta placeat ut. Dolorem minus enim asperiores perspiciatis.', 3, '2018-10-03 01:15:41', '2018-10-03 01:15:41'),
(153, 48, 'Britney Ratke MD', 'Incidunt dolorem voluptatem tenetur reprehenderit. Odit et doloribus quae quia minus aliquid. Assumenda voluptas explicabo occaecati est commodi harum.', 0, '2018-10-03 01:15:41', '2018-10-03 01:15:41'),
(154, 37, 'Alex Veum', 'Nostrum delectus laboriosam quia voluptatem omnis. Voluptas et voluptate et at. Modi voluptas sequi et similique. Quo ex culpa eos rem fugiat accusantium est. Nemo est repellendus accusantium dolores ut quia.', 1, '2018-10-03 01:15:41', '2018-10-03 01:15:41'),
(155, 13, 'Prof. Angela Metz II', 'Libero consequatur quia ipsa maxime quaerat. Nulla a similique non alias. A accusamus ipsam error mollitia quis. Ipsa ad facere non vel fugit suscipit aut. Distinctio ad in hic quam et.', 2, '2018-10-03 01:15:41', '2018-10-03 01:15:41'),
(156, 6, 'Mr. Deshaun Waelchi V', 'Iure nam corporis aut rerum saepe. Iste facilis incidunt voluptas eos voluptates sequi. Excepturi perferendis rerum debitis sit molestiae.', 1, '2018-10-03 01:15:41', '2018-10-03 01:15:41'),
(157, 48, 'Ashly Turner', 'Fugiat rerum quis unde dolor nam omnis sequi molestiae. Nostrum natus provident eum eos. Esse et quibusdam exercitationem sapiente quam qui qui.', 3, '2018-10-03 01:15:41', '2018-10-03 01:15:41'),
(158, 8, 'Carmine Schuppe II', 'Quis a ut porro dolorem. Excepturi ipsam nobis aut dolorem nesciunt ipsa porro. Commodi dolore ut quibusdam dicta animi quasi tempora.', 3, '2018-10-03 01:15:41', '2018-10-03 01:15:41'),
(159, 37, 'Maximillia Hermann', 'Ratione vel quia aut cum. Occaecati similique minus ad enim consequatur distinctio. Aut non architecto recusandae qui.', 2, '2018-10-03 01:15:41', '2018-10-03 01:15:41'),
(160, 25, 'Alexandra Kuhn', 'Quia minima praesentium pariatur officia. Nobis occaecati dolor tempore ut omnis. Voluptate rerum voluptas eos dolorem ea. In odit consequuntur et deleniti.', 2, '2018-10-03 01:15:41', '2018-10-03 01:15:41'),
(161, 8, 'Llewellyn Smitham', 'Autem debitis ut commodi. Hic nostrum earum sit iusto modi et. Optio omnis dicta odit magnam autem ullam. Est soluta doloremque numquam. Ut aut asperiores dolor aut ex laborum delectus.', 4, '2018-10-03 01:15:41', '2018-10-03 01:15:41'),
(162, 42, 'Abagail Balistreri', 'Ipsum consectetur est et doloribus. Saepe beatae et voluptatem quasi expedita aut. Inventore vel sapiente nam nulla quia provident. Adipisci et omnis qui reiciendis. Provident magni enim nihil autem.', 2, '2018-10-03 01:15:41', '2018-10-03 01:15:41'),
(163, 19, 'Julien Wyman', 'Tempora officia quia eum ea eveniet. Qui voluptas veniam minima molestiae eligendi. Voluptatibus nostrum tenetur et quam nemo expedita enim. Voluptas aut explicabo qui velit odit rerum.', 1, '2018-10-03 01:15:41', '2018-10-03 01:15:41'),
(164, 22, 'Ms. Rosamond Gottlieb', 'Dolor est voluptatibus ratione inventore voluptate. Qui error aliquid non et cupiditate quo veritatis adipisci. Aliquam exercitationem ducimus veritatis nemo ducimus adipisci quia. Corporis rerum tempore esse rerum dolorem nihil ut et.', 5, '2018-10-03 01:15:42', '2018-10-03 01:15:42'),
(165, 46, 'Jalyn Conn', 'Necessitatibus eligendi qui fugit eos. Dolore a numquam expedita itaque dolore enim.', 5, '2018-10-03 01:15:42', '2018-10-03 01:15:42'),
(166, 26, 'Anna Langworth', 'Atque debitis amet et perferendis. Voluptatem pariatur aspernatur quis fugit corporis facilis. Exercitationem qui quis voluptatibus. Eaque hic sed quidem. Nostrum est inventore doloremque ullam culpa dolorum in.', 1, '2018-10-03 01:15:42', '2018-10-03 01:15:42'),
(167, 47, 'Tabitha Pouros', 'Est nisi nobis id molestiae dolorem. Quas odio atque ipsam tempore magni fugiat illo vel.', 1, '2018-10-03 01:15:42', '2018-10-03 01:15:42'),
(168, 26, 'Dr. Carolina Littel III', 'Et sunt et qui nesciunt sunt. Sit quia officiis commodi reiciendis omnis quae illo dicta. Quia libero quis itaque quia modi et delectus. Et non pariatur culpa et dolore quia.', 3, '2018-10-03 01:15:42', '2018-10-03 01:15:42'),
(169, 12, 'Edwina Brakus', 'Iure totam quia veritatis accusantium occaecati. Accusantium cupiditate officiis inventore velit delectus. Itaque omnis ea in.', 0, '2018-10-03 01:15:42', '2018-10-03 01:15:42'),
(170, 11, 'Alexandre Bins', 'Dolorem qui totam reiciendis hic et iusto consequuntur quis. Ullam porro ut repudiandae et. Minus velit ducimus aut est eius. Maxime maxime id distinctio asperiores et enim illum.', 3, '2018-10-03 01:15:42', '2018-10-03 01:15:42'),
(171, 42, 'Faustino Ankunding', 'Porro et et omnis corrupti magnam. Dolores sit consequuntur officia in cupiditate nam dignissimos. Aspernatur placeat qui praesentium perspiciatis aut qui voluptate necessitatibus.', 3, '2018-10-03 01:15:42', '2018-10-03 01:15:42'),
(172, 3, 'Darrin Muller', 'Quo sed et voluptatem voluptas placeat. Nihil et quis illum incidunt fuga cum voluptas cumque.', 1, '2018-10-03 01:15:42', '2018-10-03 01:15:42'),
(173, 32, 'Alexzander Welch', 'Non qui voluptas voluptas esse quos. Nulla quo rerum est. Repellat sint earum et maxime deserunt. Autem nemo aperiam voluptate vero labore assumenda. Dicta laboriosam sunt iste.', 2, '2018-10-03 01:15:42', '2018-10-03 01:15:42'),
(174, 44, 'Drew Bernhard', 'Iste error sunt accusantium reprehenderit quis totam voluptate. Possimus et pariatur iusto et deserunt. Magni harum voluptates dolore error autem. Sed doloremque quo amet voluptates.', 2, '2018-10-03 01:15:42', '2018-10-03 01:15:42'),
(175, 27, 'Dr. Norma Olson', 'Sit consectetur autem dolorum natus. Dolores iure ut sed temporibus et aut esse. Harum reprehenderit veritatis enim et.', 1, '2018-10-03 01:15:42', '2018-10-03 01:15:42'),
(176, 23, 'Prof. Maribel Marvin MD', 'Et voluptatem et et ab suscipit. Ex corrupti sed sint quos. Perspiciatis quo et nihil blanditiis dicta in.', 3, '2018-10-03 01:15:42', '2018-10-03 01:15:42'),
(177, 37, 'Dr. Trudie Conn', 'Sunt et quia quidem et. Et illum qui quia consequatur. Exercitationem voluptates et cumque rerum nemo.', 2, '2018-10-03 01:15:42', '2018-10-03 01:15:42'),
(178, 9, 'Ola Hintz', 'Facere rerum hic odio nemo amet. Repellendus quisquam aut et placeat impedit sint. Quia error et omnis eum sit consequatur.', 2, '2018-10-03 01:15:42', '2018-10-03 01:15:42'),
(179, 40, 'Lilian Boyer II', 'Ipsam exercitationem velit numquam non. Molestiae nulla in ea impedit et alias ratione eaque. Esse mollitia minus laudantium et qui id eaque. Cum enim commodi commodi qui.', 3, '2018-10-03 01:15:42', '2018-10-03 01:15:42'),
(180, 42, 'Bill Considine Jr.', 'Consequuntur optio aut quae. Eum id sit iste magnam. Dolores nihil architecto magni et est autem placeat. Repellendus incidunt ipsum facere nihil.', 0, '2018-10-03 01:15:42', '2018-10-03 01:15:42'),
(181, 50, 'Haskell Kuvalis', 'Non id quis aut expedita. Consequatur consequatur repudiandae quam vel nisi magni ducimus. Laudantium earum ad dolores ea corporis perferendis.', 0, '2018-10-03 01:15:42', '2018-10-03 01:15:42'),
(182, 16, 'Oleta Jacobson', 'Accusantium sint ut doloremque. Qui ut repellat voluptatem reprehenderit illo exercitationem et. Fuga sequi saepe ad doloremque et.', 4, '2018-10-03 01:15:42', '2018-10-03 01:15:42'),
(183, 1, 'Clotilde Rath', 'Et harum voluptatem vitae esse quo aliquam. Consequatur quia et odit qui molestiae optio. Omnis labore similique voluptatem. Qui sapiente fugit cupiditate dolorem impedit ducimus.', 3, '2018-10-03 01:15:42', '2018-10-03 01:15:42'),
(184, 38, 'Kristopher Kiehn V', 'Enim eum pariatur ut iusto architecto. Magni doloribus enim harum.', 5, '2018-10-03 01:15:42', '2018-10-03 01:15:42'),
(185, 45, 'Vance Bins MD', 'Neque ut omnis odio similique hic molestiae. Ad modi accusantium nulla excepturi accusamus exercitationem et. Qui laborum voluptas et eum aperiam ab.', 0, '2018-10-03 01:15:42', '2018-10-03 01:15:42'),
(186, 12, 'Prof. Rosemarie Eichmann', 'Doloremque quis voluptatem repellat aliquid at quisquam. Ut quia assumenda voluptates omnis voluptatum sit cupiditate. Expedita debitis ipsum odit eum dignissimos deleniti. Praesentium modi incidunt itaque aut quis debitis.', 0, '2018-10-03 01:15:42', '2018-10-03 01:15:42'),
(187, 31, 'Aletha Kuphal', 'Occaecati quia debitis dicta. Repudiandae accusantium ipsum veniam rerum. Suscipit dignissimos consequatur ad est temporibus ipsa.', 2, '2018-10-03 01:15:42', '2018-10-03 01:15:42'),
(188, 5, 'Mr. Mohammed Leffler', 'Sit distinctio perspiciatis qui incidunt ut unde. Aut quam dignissimos exercitationem nostrum. Praesentium sed quaerat voluptatem magnam placeat eius est laudantium. Nihil molestiae qui est explicabo sit voluptatem a.', 1, '2018-10-03 01:15:42', '2018-10-03 01:15:42'),
(189, 35, 'Mr. Price Mayert DDS', 'Perspiciatis sit qui est molestiae. Rerum consequatur omnis vero.', 3, '2018-10-03 01:15:42', '2018-10-03 01:15:42'),
(190, 26, 'Ayana Hoeger', 'Et exercitationem dolorum nemo libero rerum officiis. Assumenda non enim esse quasi voluptates. Molestiae optio dolorem incidunt. Voluptatum vel odit officia voluptatum numquam sapiente eveniet.', 0, '2018-10-03 01:15:42', '2018-10-03 01:15:42'),
(191, 39, 'Mrs. Elisa Leffler', 'Consequatur quas ratione aut. Sed vel quia eos totam dolorem earum excepturi est. Quas blanditiis asperiores voluptates rerum aperiam nostrum aspernatur nihil. Fugit ut sint dolor laborum.', 0, '2018-10-03 01:15:43', '2018-10-03 01:15:43'),
(192, 36, 'Mr. Kelvin Terry', 'Autem velit mollitia quae mollitia dolorem suscipit fuga. Unde et eaque voluptate. Illum ipsum ullam eos nihil mollitia.', 4, '2018-10-03 01:15:43', '2018-10-03 01:15:43'),
(193, 12, 'Kamryn Stracke', 'Voluptas beatae aspernatur aut quisquam expedita sed. Ab officia accusantium nam et eos quo. Amet atque quibusdam omnis at totam molestiae ut.', 2, '2018-10-03 01:15:43', '2018-10-03 01:15:43'),
(194, 35, 'Demetris Bins', 'Possimus delectus dignissimos recusandae aut atque deleniti. Magni accusamus accusantium rem qui ut qui.', 1, '2018-10-03 01:15:43', '2018-10-03 01:15:43'),
(195, 36, 'Jacinthe Dach II', 'Deserunt velit suscipit quae. Reiciendis commodi omnis nihil suscipit harum.', 1, '2018-10-03 01:15:43', '2018-10-03 01:15:43'),
(196, 3, 'Dr. Kaelyn Robel', 'Eveniet eaque modi laborum reprehenderit. Aut occaecati sint ipsam rerum aperiam. Cum totam quis aut aut in est. Harum totam molestiae reprehenderit nemo deleniti. Qui earum eligendi ea nulla earum.', 5, '2018-10-03 01:15:43', '2018-10-03 01:15:43'),
(197, 17, 'Jovan Muller', 'Quos numquam molestiae aut eos quidem. Dolore ut incidunt occaecati voluptas. In perspiciatis reprehenderit eligendi voluptas exercitationem voluptas. Eum deserunt debitis sed error asperiores.', 1, '2018-10-03 01:15:43', '2018-10-03 01:15:43'),
(198, 47, 'Dr. Scotty Kautzer DDS', 'Nostrum odit sed quos molestiae quasi dolores error eaque. Incidunt adipisci porro adipisci quia velit consequatur. In consequuntur esse doloribus adipisci nihil.', 5, '2018-10-03 01:15:43', '2018-10-03 01:15:43'),
(199, 40, 'Gillian Prohaska', 'Totam architecto aliquid voluptate. Reiciendis enim ut nulla molestias sequi nihil ullam. Commodi rerum itaque et est.', 5, '2018-10-03 01:15:43', '2018-10-03 01:15:43'),
(200, 39, 'Carmelo Mosciski', 'Doloremque accusamus quia voluptas. At iusto repudiandae incidunt qui expedita culpa. Beatae perspiciatis mollitia laudantium eum dolores impedit quasi. Quas rem quaerat sint sunt illum cumque.', 1, '2018-10-03 01:15:43', '2018-10-03 01:15:43');

--
-- Indexes for dumped tables
--

--
-- Indexes for table `migrations`
--
ALTER TABLE `migrations`
  ADD PRIMARY KEY (`id`);

--
-- Indexes for table `products`
--
ALTER TABLE `products`
  ADD PRIMARY KEY (`id`);

--
-- Indexes for table `reviews`
--
ALTER TABLE `reviews`
  ADD PRIMARY KEY (`id`),
  ADD KEY `reviews_product_id_index` (`product_id`);

--
-- AUTO_INCREMENT for dumped tables
--

--
-- AUTO_INCREMENT for table `migrations`
--
ALTER TABLE `migrations`
  MODIFY `id` int(10) UNSIGNED NOT NULL AUTO_INCREMENT, AUTO_INCREMENT=3;
--
-- AUTO_INCREMENT for table `products`
--
ALTER TABLE `products`
  MODIFY `id` int(10) UNSIGNED NOT NULL AUTO_INCREMENT, AUTO_INCREMENT=51;
--
-- AUTO_INCREMENT for table `reviews`
--
ALTER TABLE `reviews`
  MODIFY `id` int(10) UNSIGNED NOT NULL AUTO_INCREMENT, AUTO_INCREMENT=201;
--
-- Constraints for dumped tables
--

--
-- Constraints for table `reviews`
--
ALTER TABLE `reviews`
  ADD CONSTRAINT `reviews_product_id_foreign` FOREIGN KEY (`product_id`) REFERENCES `products` (`id`) ON DELETE CASCADE;

/*!40101 SET CHARACTER_SET_CLIENT=@OLD_CHARACTER_SET_CLIENT */;
/*!40101 SET CHARACTER_SET_RESULTS=@OLD_CHARACTER_SET_RESULTS */;
/*!40101 SET COLLATION_CONNECTION=@OLD_COLLATION_CONNECTION */;
